Date;Open;High;Low;Close;Average
1-1-2007;12.459.540.039;12.580.349.609;12.365.410.156;12.398.009.766;12.428.774.903
8-1-2007;12.392.009.766;12.561.040.039;12.337.370.117;12.556.080.078;12.474.044.922
15-1-2007;12.555.839.844;12.614.000.000;12.523.549.805;12.565.530.273;12.560.685.059
22-1-2007;12.565.530.273;12.623.450.195;12.431.339.844;12.487.019.531;12.526.274.902
29-1-2007;12.487.099.609;12.683.929.688;12.459.459.961;12.653.490.234;12.570.294.922
5-2-2007;12.653.410.156;12.700.280.273;12.545.099.609;12.580.830.078;12.617.120.117
12-2-2007;12.580.110.352;12.779.030.273;12.536.209.961;12.767.570.313;12.673.840.333
19-2-2007;12.766.849.609;12.795.929.688;12.628.019.531;12.647.480.469;12.707.165.039
26-2-2007;12.647.879.883;12.697.230.469;12.059.540.039;12.114.099.609;12.380.989.746
5-3-2007;12.111.610.352;12.330.879.883;12.039.110.352;12.276.320.313;12.193.965.333
12-3-2007;12.275.679.688;12.349.950.195;11.939.610.352;12.110.410.156;12.193.044.922
19-3-2007;12.110.410.156;12.511.049.805;12.110.410.156;12.481.009.766;12.295.709.961
26-3-2007;12.480.370.117;12.486.780.273;12.242.599.609;12.354.349.609;12.417.359.863
2-4-2007;12.354.519.531;12.572.469.727;12.324.280.273;12.560.200.195;12.457.359.863
9-4-2007;12.562.639.648;12.615.379.883;12.428.219.727;12.612.129.883;12.587.384.766
16-4-2007;12.611.639.648;12.966.290.039;12.611.309.570;12.961.980.469;12.786.810.059
23-4-2007;12.961.980.469;13.148.000.000;12.901.679.688;13.120.940.430;13.041.460.450
30-4-2007;13.120.209.961;13.284.530.273;13.041.299.805;13.264.620.117;13.192.415.039
7-5-2007;13.264.129.883;13.369.290.039;13.210.900.391;13.326.219.727;13.295.174.805
14-5-2007;13.325.809.570;13.558.480.469;13.297.040.039;13.556.530.273;13.441.169.922
21-5-2007;13.556.530.273;13.624.549.805;13.423.900.391;13.507.280.273;13.531.905.273
28-5-2007;13.507.280.273;13.692.000.000;13.456.730.469;13.668.110.352;13.587.695.313
4-6-2007;13.667.209.961;13.690.379.883;13.251.530.273;13.424.389.648;13.545.799.805
11-6-2007;13.424.389.648;13.688.660.156;13.287.620.117;13.639.480.469;13.531.935.059
18-6-2007;13.639.000.000;13.674.360.352;13.359.690.430;13.360.259.766;13.499.629.883
25-6-2007;13.360.089.844;13.524.540.039;13.259.860.352;13.408.620.117;13.384.354.981
2-7-2007;13.409.599.609;13.633.629.883;13.409.519.531;13.611.679.688;13.510.639.649
9-7-2007;13.612.660.156;13.932.290.039;13.474.790.039;13.907.250.000;13.759.955.078
16-7-2007;13.907.089.844;14.021.950.195;13.797.669.922;13.851.080.078;13.879.084.961
23-7-2007;13.851.730.469;13.973.990.234;13.265.469.727;13.265.469.727;13.558.600.098
30-7-2007;13.266.209.961;13.503.330.078;13.132.650.391;13.181.910.156;13.224.060.059
6-8-2007;13.183.129.883;13.695.820.313;13.057.860.352;13.239.540.039;13.211.334.961
13-8-2007;13.239.540.039;13.338.150.391;12.517.940.430;13.079.080.078;13.159.310.059
20-8-2007;13.079.080.078;13.381.469.727;12.982.750.000;13.378.870.117;13.228.975.098
27-8-2007;13.377.160.156;13.428.950.195;13.034.780.273;13.357.740.234;13.367.450.195
3-9-2007;13.358.389.648;13.494.059.570;13.082.169.922;13.113.379.883;13.235.884.766
10-9-2007;13.116.389.648;13.469.269.531;13.021.929.688;13.442.519.531;13.279.454.590
17-9-2007;13.441.950.195;13.877.169.922;13.362.370.117;13.820.190.430;13.631.070.313
24-9-2007;13.821.570.313;13.924.809.570;13.696.309.570;13.895.629.883;13.858.600.098
1-10-2007;13.895.709.961;14.124.540.039;13.893.509.766;14.066.009.766;13.980.859.864
8-10-2007;14.065.360.352;14.198.099.609;13.950.250.000;14.093.080.078;14.079.220.215
15-10-2007;14.092.429.688;14.118.519.531;13.511.940.430;13.522.019.531;13.807.224.610
22-10-2007;13.521.620.117;13.811.250.000;13.407.490.234;13.806.700.195;13.664.160.156
29-10-2007;13.807.349.609;13.962.530.273;13.446.019.531;13.595.099.609;13.701.224.609
5-11-2007;13.592.580.078;13.669.719.727;13.017.299.805;13.042.740.234;13.317.660.156
12-11-2007;13.039.160.156;13.367.169.922;12.975.110.352;13.176.790.039;13.107.975.098
19-11-2007;13.176.299.805;13.176.299.805;12.786.030.273;12.980.879.883;13.078.589.844
26-11-2007;12.979.990.234;13.466.990.234;12.724.089.844;13.371.719.727;13.175.854.981
3-12-2007;13.368.219.727;13.668.099.609;13.237.589.844;13.625.580.078;13.496.899.903
10-12-2007;13.623.549.805;13.780.110.352;13.321.639.648;13.339.849.609;13.481.699.707
17-12-2007;13.339.200.195;13.473.980.469;13.092.000.000;13.450.650.391;13.394.925.293
24-12-2007;13.450.730.469;13.563.480.469;13.298.150.391;13.365.870.117;13.408.300.293
31-12-2007;13.364.160.156;13.364.730.469;12.789.040.039;12.800.179.688;13.082.169.922
7-1-2008;12.801.150.391;12.931.290.039;12.501.759.766;12.606.299.805;12.703.725.098
14-1-2008;12.613.780.273;12.794.570.313;12.022.480.469;12.099.299.805;12.356.540.039
21-1-2008;12.092.719.727;12.486.889.648;11.634.820.313;12.207.169.922;12.149.944.825
28-1-2008;12.205.709.961;12.767.740.234;12.112.139.648;12.743.190.430;12.474.450.196
4-2-2008;12.743.110.352;12.749.780.273;12.103.370.117;12.182.129.883;12.462.620.118
11-2-2008;12.181.889.648;12.573.129.883;12.069.469.727;12.348.209.961;12.265.049.805
18-2-2008;12.349.589.844;12.505.250.000;12.155.259.766;12.381.019.531;12.365.304.688
25-2-2008;12.380.769.531;12.756.559.570;12.223.570.313;12.266.389.648;12.323.579.590
3-3-2008;12.264.360.352;12.349.669.922;11.819.690.430;11.893.690.430;12.079.025.391
10-3-2008;11.893.040.039;12.303.349.609;11.731.599.609;11.951.089.844;11.922.064.942
17-3-2008;11.946.450.195;12.461.530.273;11.756.599.609;12.361.320.313;12.153.885.254
24-3-2008;12.361.969.727;12.622.070.313;12.196.870.117;12.216.400.391;12.289.185.059
31-3-2008;12.215.919.922;12.696.290.039;12.176.110.352;12.609.419.922;12.412.669.922
7-4-2008;12.612.589.844;12.733.660.156;12.302.059.570;12.325.419.922;12.469.004.883
14-4-2008;12.324.769.531;12.893.980.469;12.269.809.570;12.849.360.352;12.587.064.942
21-4-2008;12.850.910.156;12.942.259.766;12.656.559.570;12.891.860.352;12.871.385.254
28-4-2008;12.890.759.766;13.132.459.961;12.793.099.609;13.058.200.195;12.974.479.981
5-5-2008;13.056.570.313;13.058.450.195;12.715.019.531;12.745.879.883;12.901.225.098
12-5-2008;12.745.549.805;13.001.940.430;12.740.500.000;12.986.799.805;12.866.174.805
19-5-2008;12.985.410.156;13.136.690.430;12.460.089.844;12.479.629.883;12.732.520.020
26-5-2008;12.479.629.883;12.726.660.156;12.442.589.844;12.638.320.313;12.558.975.098
2-6-2008;12.637.669.922;12.638.080.078;12.192.059.570;12.209.809.570;12.423.739.746
9-6-2008;12.210.129.883;12.369.230.469;12.076.929.688;12.307.349.609;12.258.739.746
16-6-2008;12.306.860.352;12.322.820.313;11.818.830.078;11.842.690.430;12.074.775.391
23-6-2008;11.843.830.078;11.986.959.961;11.297.990.234;11.346.509.766;11.595.169.922
30-6-2008;11.345.700.195;11.437.299.805;11.157.209.961;11.288.540.039;11.317.120.117
7-7-2008;11.289.190.430;11.418.240.234;10.977.679.688;11.100.540.039;11.194.865.235
14-7-2008;11.103.639.648;11.510.820.313;10.827.709.961;11.496.570.313;11.300.104.981
21-7-2008;11.495.019.531;11.698.169.922;11.325.099.609;11.370.690.430;11.432.854.981
28-7-2008;11.369.469.727;11.586.620.117;11.125.129.883;11.326.320.313;11.347.895.020
4-8-2008;11.326.320.313;11.759.959.961;11.221.530.273;11.734.320.313;11.530.320.313
11-8-2008;11.729.669.922;11.867.110.352;11.450.889.648;11.659.900.391;11.694.785.157
18-8-2008;11.659.650.391;11.690.429.688;11.290.580.078;11.628.059.570;11.643.854.981
25-8-2008;11.626.190.430;11.715.179.688;11.340.410.156;11.543.959.961;11.585.075.196
1-9-2008;11.545.629.883;11.790.169.922;11.037.849.609;11.220.959.961;11.383.294.922
8-9-2008;11.224.870.117;11.577.500.000;11.098.669.922;11.421.990.234;11.323.430.176
15-9-2008;11.416.370.117;11.483.049.805;10.459.440.430;11.388.440.430;11.402.405.274
22-9-2008;11.394.419.922;11.394.580.078;10.753.570.313;11.143.129.883;11.268.774.903
29-9-2008;11.139.620.117;11.139.940.430;10.310.250.000;10.325.379.883;10.732.500.000
6-10-2008;10.322.519.531;10.322.759.766;7.882.509.766;8.451.190.430;9.386.854.981
13-10-2008;8.462.419.922;9.794.370.117;8.197.669.922;8.852.219.727;8.657.319.825
20-10-2008;8.852.299.805;9.284.549.805;8.187.479.980;8.378.950.195;8.615.625.000
27-10-2008;8.375.919.922;9.454.360.352;8.143.589.844;9.325.009.766;8.850.464.844
3-11-2008;9.326.040.039;9.653.950.195;8.637.169.922;8.943.809.570;9.134.924.805
10-11-2008;8.946.599.609;9.159.580.078;7.965.419.922;8.497.309.570;8.721.954.590
17-11-2008;8.494.839.844;8.571.299.805;7.449.379.883;8.046.419.922;8.270.629.883
24-11-2008;8.048.089.844;8.831.349.609;8.048.089.844;8.829.040.039;8.438.564.942
1-12-2008;8.826.889.648;8.827.049.805;8.118.500.000;8.635.419.922;8.731.154.785
8-12-2008;8.637.650.391;9.026.410.156;8.347.809.570;8.629.679.688;8.633.665.040
15-12-2008;8.628.809.570;8.961.259.766;8.469.030.273;8.579.110.352;8.603.959.961
22-12-2008;8.573.370.117;8.604.120.117;8.372.019.531;8.515.549.805;8.544.459.961
29-12-2008;8.515.870.117;9.065.280.273;8.364.059.570;9.034.690.430;8.775.280.274
5-1-2009;9.027.129.883;9.088.059.570;8.576.959.961;8.599.179.688;8.813.154.786
12-1-2009;8.599.259.766;8.602.599.609;7.995.129.883;8.281.219.727;8.440.239.747
19-1-2009;8.279.629.883;8.291.980.469;7.909.029.785;8.077.560.059;8.178.594.971
26-1-2009;8.078.040.039;8.405.870.117;7.961.919.922;8.000.859.863;8.039.449.951
2-2-2009;8.000.620.117;8.312.370.117;7.845.310.059;8.280.589.844;8.140.604.981
9-2-2009;8.281.379.883;8.315.070.313;7.693.979.980;7.850.410.156;8.065.895.020
16-2-2009;7.845.629.883;7.845.629.883;7.249.470.215;7.365.669.922;7.605.649.903
23-2-2009;7.365.990.234;7.441.020.020;7.033.620.117;7.062.930.176;7.214.460.205
2-3-2009;7.056.479.980;7.058.950.195;6.469.950.195;6.626.939.941;6.841.709.961
9-3-2009;6.625.740.234;7.242.620.117;6.516.859.863;7.223.979.980;6.924.860.107
16-3-2009;7.225.330.078;7.571.640.137;7.172.049.805;7.278.379.883;7.251.854.981
23-3-2009;7.279.250.000;7.931.330.078;7.278.779.785;7.776.180.176;7.527.715.088
30-3-2009;7.773.310.059;8.075.729.980;7.437.589.844;8.017.589.844;7.895.449.952
6-4-2009;8.016.160.156;8.087.279.785;7.750.850.098;8.083.379.883;8.049.770.020
13-4-2009;8.082.020.020;8.190.660.156;7.870.479.980;8.131.330.078;8.106.675.049
20-4-2009;8.128.939.941;8.128.939.941;7.791.950.195;8.076.290.039;8.102.614.990
27-4-2009;8.073.819.824;8.307.509.766;7.938.979.980;8.212.410.156;8.143.114.990
4-5-2009;8.213.599.609;8.587.549.805;8.213.599.609;8.574.650.391;8.394.125.000
11-5-2009;8.569.230.469;8.569.230.469;8.230.169.922;8.268.639.648;8.418.935.059
18-5-2009;8.270.150.391;8.591.929.688;8.221.009.766;8.277.320.313;8.273.735.352
25-5-2009;8.277.320.313;8.522.950.195;8.226.900.391;8.500.330.078;8.388.825.196
1-6-2009;8.501.530.273;8.839.400.391;8.501.290.039;8.763.129.883;8.632.330.078
8-6-2009;8.759.349.609;8.877.929.688;8.633.070.313;8.799.259.766;8.779.304.688
15-6-2009;8.798.500.000;8.798.500.000;8.461.290.039;8.539.730.469;8.669.115.235
22-6-2009;8.538.519.531;8.538.830.078;8.259.429.688;8.438.389.648;8.488.454.590
29-6-2009;8.440.129.883;8.580.469.727;8.280.740.234;8.280.740.234;8.360.435.059
6-7-2009;8.280.740.234;8.327.969.727;8.087.189.941;8.146.520.020;8.213.630.127
13-7-2009;8.146.520.020;8.754.290.039;8.130.419.922;8.743.940.430;8.445.230.225
20-7-2009;8.746.049.805;9.100.879.883;8.745.900.391;9.093.240.234;8.919.645.020
27-7-2009;9.093.089.844;9.246.429.688;9.007.469.727;9.171.610.352;9.132.350.098
3-8-2009;9.173.650.391;9.437.709.961;9.173.650.391;9.370.070.313;9.271.860.352
10-8-2009;9.368.410.156;9.424.110.352;9.216.879.883;9.321.400.391;9.344.905.274
17-8-2009;9.313.849.609;9.519.110.352;9.116.519.531;9.505.959.961;9.409.904.785
24-8-2009;9.506.179.688;9.630.200.195;9.459.400.391;9.544.200.195;9.525.189.942
31-8-2009;9.542.910.156;9.557.950.195;9.252.929.688;9.441.269.531;9.492.089.844
7-9-2009;9.440.129.883;9.649.849.609;9.439.980.469;9.605.410.156;9.522.770.020
14-9-2009;9.598.080.078;9.854.580.078;9.535.959.961;9.820.200.195;9.709.140.137
21-9-2009;9.818.610.352;9.917.990.234;9.641.009.766;9.665.190.430;9.741.900.391
28-9-2009;9.663.230.469;9.834.480.469;9.430.080.078;9.487.669.922;9.575.450.196
5-10-2009;9.488.730.469;9.865.009.766;9.481.089.844;9.864.940.430;9.676.835.450
12-10-2009;9.865.240.234;10.062.940.430;9.815.059.570;9.995.910.156;9.930.575.195
19-10-2009;9.996.669.922;10.119.469.727;9.916.780.273;9.972.179.688;9.984.424.805
26-10-2009;9.972.330.078;10.072.320.313;9.684.540.039;9.712.730.469;9.842.530.274
2-11-2009;9.712.129.883;10.044.500.000;9.678.950.195;10.023.419.922;9.867.774.903
9-11-2009;10.020.620.117;10.341.969.727;10.020.620.117;10.270.469.727;10.145.544.922
16-11-2009;10.267.530.273;10.438.169.922;10.256.110.352;10.318.160.156;10.292.845.215
23-11-2009;10.320.129.883;10.495.610.352;10.231.250.000;10.309.919.922;10.315.024.903
30-11-2009;10.309.769.531;10.516.700.195;10.263.290.039;10.388.900.391;10.349.334.961
7-12-2009;10.386.860.352;10.484.049.805;10.235.629.883;10.471.500.000;10.429.180.176
14-12-2009;10.471.280.273;10.514.660.156;10.263.900.391;10.328.889.648;10.400.084.961
21-12-2009;10.330.099.609;10.522.059.570;10.329.799.805;10.520.089.844;10.425.094.727
28-12-2009;10.517.910.156;10.580.330.078;10.423.129.883;10.428.049.805;10.472.979.981
4-1-2010;10.430.690.430;10.619.400.391;10.430.690.430;10.618.190.430;10.524.440.430
11-1-2010;10.620.309.570;10.723.769.531;10.561.059.570;10.609.650.391;10.614.979.981
18-1-2010;10.608.370.117;10.729.889.648;10.157.639.648;10.172.980.469;10.390.675.293
25-1-2010;10.175.099.609;10.285.129.883;10.043.750.000;10.067.330.078;10.121.214.844
1-2-2010;10.068.990.234;10.314.839.844;9.835.089.844;10.012.230.469;10.040.610.352
8-2-2010;10.005.429.688;10.161.570.313;9.904.089.844;10.099.139.648;10.052.284.668
15-2-2010;10.100.809.570;10.438.549.805;10.100.809.570;10.402.349.609;10.251.579.590
22-2-2010;10.402.429.688;10.433.639.648;10.185.830.078;10.325.259.766;10.363.844.727
1-3-2010;10.326.099.609;10.571.940.430;10.326.099.609;10.566.200.195;10.446.149.902
8-3-2010;10.563.780.273;10.644.950.195;10.507.169.922;10.624.690.430;10.594.235.352
15-3-2010;10.623.410.156;10.819.900.391;10.570.509.766;10.741.980.469;10.682.695.313
22-3-2010;10.741.000.000;10.955.480.469;10.695.129.883;10.850.360.352;10.795.680.176
29-3-2010;10.849.230.469;10.956.389.648;10.832.830.078;10.927.070.313;10.888.150.391
5-4-2010;10.927.450.195;11.000.980.469;10.844.089.844;10.997.349.609;10.962.399.902
12-4-2010;10.996.750.000;11.154.549.805;10.947.769.531;11.018.660.156;11.007.705.078
19-4-2010;11.018.360.352;11.205.639.648;10.977.849.609;11.204.280.273;11.111.320.313
26-4-2010;11.205.110.352;11.258.009.766;10.965.379.883;11.008.610.352;11.106.860.352
3-5-2010;11.009.599.609;11.177.669.922;9.869.620.117;10.380.429.688;10.695.014.649
10-5-2010;10.386.179.688;10.920.269.531;10.386.030.273;10.620.160.156;10.503.169.922
17-5-2010;10.616.980.469;10.718.860.352;9.918.820.313;10.193.389.648;10.405.185.059
24-5-2010;10.193.459.961;10.264.200.195;9.774.480.469;10.136.629.883;10.165.044.922
31-5-2010;10.133.940.430;10.315.209.961;9.889.879.883;9.931.969.727;10.032.955.079
7-6-2010;9.931.750.000;10.215.980.469;9.757.549.805;10.211.070.313;10.071.410.157
14-6-2010;10.211.830.078;10.483.440.430;10.186.209.961;10.450.639.648;10.331.234.863
21-6-2010;10.452.459.961;10.594.160.156;10.081.080.078;10.143.809.570;10.298.134.766
28-6-2010;10.143.049.805;10.201.929.688;9.614.320.313;9.686.480.469;9.914.765.137
5-7-2010;9.686.480.469;10.201.769.531;9.659.009.766;10.198.030.273;9.942.255.371
12-7-2010;10.199.240.234;10.407.820.313;10.079.580.078;10.097.900.391;10.148.570.313
19-7-2010;10.098.120.117;10.441.950.195;10.007.759.766;10.424.620.117;10.261.370.117
26-7-2010;10.424.169.922;10.584.990.234;10.347.500.000;10.465.940.430;10.445.055.176
2-8-2010;10.468.820.313;10.702.990.234;10.468.589.844;10.653.559.570;10.561.189.942
9-8-2010;10.654.620.117;10.719.940.430;10.268.709.961;10.303.150.391;10.478.885.254
16-8-2010;10.303.070.313;10.480.440.430;10.147.240.234;10.213.620.117;10.258.345.215
23-8-2010;10.215.509.766;10.304.700.195;9.936.620.117;10.150.650.391;10.183.080.079
30-8-2010;10.145.580.078;10.451.150.391;9.941.839.844;10.447.929.688;10.296.754.883
6-9-2010;10.446.799.805;10.476.620.117;10.332.400.391;10.462.769.531;10.454.784.668
13-9-2010;10.458.599.609;10.650.160.156;10.458.599.609;10.607.849.609;10.533.224.609
20-9-2010;10.608.080.078;10.865.780.273;10.608.080.078;10.860.259.766;10.734.169.922
27-9-2010;10.860.030.273;10.948.879.883;10.728.639.648;10.829.679.688;10.844.854.981
4-10-2010;10.828.849.609;11.032.169.922;10.711.120.117;11.006.480.469;10.917.665.039
11-10-2010;11.006.929.688;11.155.230.469;10.913.839.844;11.062.780.273;11.034.854.981
18-10-2010;11.062.629.883;11.213.540.039;10.917.620.117;11.132.559.570;11.097.594.727
25-10-2010;11.133.400.391;11.247.599.609;11.020.820.313;11.118.490.234;11.125.945.313
1-11-2010;11.120.299.805;11.451.530.273;11.062.330.078;11.444.080.078;11.282.189.942
8-11-2010;11.439.540.039;11.439.610.352;11.143.839.844;11.192.580.078;11.316.060.059
15-11-2010;11.194.019.531;11.280.900.391;10.978.929.688;11.203.549.805;11.198.784.668
22-11-2010;11.201.660.156;11.206.049.805;10.992.169.922;11.091.870.117;11.146.765.137
29-11-2010;11.083.750.000;11.388.870.117;10.929.280.273;11.382.089.844;11.232.919.922
6-12-2010;11.381.330.078;11.450.889.648;11.327.490.234;11.410.320.313;11.395.825.196
13-12-2010;11.406.160.156;11.519.040.039;11.405.330.078;11.491.910.156;11.449.035.156
20-12-2010;11.491.299.805;11.580.839.844;11.442.679.688;11.573.490.234;11.532.395.020
27-12-2010;11.572.809.570;11.625.000.000;11.518.440.430;11.577.509.766;11.575.159.668
3-1-2011;11.577.429.688;11.742.679.688;11.577.349.609;11.674.759.766;11.626.094.727
10-1-2011;11.672.339.844;11.794.150.391;11.573.870.117;11.787.379.883;11.729.859.864
17-1-2011;11.783.820.313;11.905.480.469;11.744.769.531;11.871.839.844;11.827.830.079
24-1-2011;11.873.429.688;12.020.519.531;11.803.040.039;11.823.700.195;11.848.564.942
31-1-2011;11.824.389.648;12.092.419.922;11.817.879.883;12.092.150.391;11.958.270.020
7-2-2011;12.092.379.883;12.285.940.430;12.092.299.805;12.273.259.766;12.182.819.825
14-2-2011;12.266.830.078;12.391.290.039;12.193.269.531;12.391.250.000;12.329.040.039
21-2-2011;12.389.740.234;12.389.820.313;11.983.169.922;12.130.450.195;12.260.095.215
28-2-2011;12.130.450.195;12.283.099.609;12.018.629.883;12.169.879.883;12.150.165.039
7-3-2011;12.171.089.844;12.257.820.313;11.936.320.313;12.044.400.391;12.107.745.118
14-3-2011;12.042.129.883;12.042.129.883;11.555.480.469;11.858.519.531;11.950.324.707
21-3-2011;11.860.110.352;12.259.790.039;11.860.110.352;12.220.589.844;12.040.350.098
28-3-2011;12.221.190.430;12.419.709.961;12.173.509.766;12.376.719.727;12.298.955.079
4-4-2011;12.374.599.609;12.450.929.688;12.320.719.727;12.380.049.805;12.377.324.707
11-4-2011;12.380.429.688;12.444.000.000;12.163.860.352;12.341.830.078;12.361.129.883
18-4-2011;12.339.709.961;12.506.059.570;12.093.889.648;12.505.990.234;12.422.850.098
25-4-2011;12.505.990.234;12.832.830.078;12.446.049.805;12.810.540.039;12.658.265.137
2-5-2011;12.810.160.156;12.876.000.000;12.521.280.273;12.638.740.234;12.724.450.195
9-5-2011;12.637.830.078;12.781.059.570;12.537.169.922;12.595.750.000;12.616.790.039
16-5-2011;12.594.769.531;12.642.900.391;12.378.839.844;12.512.040.039;12.553.404.785
23-5-2011;12.511.360.352;12.511.360.352;12.309.519.531;12.441.580.078;12.476.470.215
30-5-2011;12.443.400.391;12.574.290.039;12.104.030.273;12.151.259.766;12.297.330.079
6-6-2011;12.151.190.430;12.183.120.117;11.937.419.922;11.951.910.156;12.051.550.293
13-6-2011;11.945.330.078;12.120.799.805;11.862.530.273;12.004.360.352;11.974.845.215
20-6-2011;12.004.280.273;12.217.330.078;11.874.940.430;11.934.580.078;11.969.430.176
27-6-2011;11.934.660.156;12.596.129.883;11.934.049.805;12.582.769.531;12.258.714.844
4-7-2011;12.569.870.117;12.753.889.648;12.539.209.961;12.657.200.195;12.613.535.156
11-7-2011;12.655.620.117;12.655.839.844;12.406.089.844;12.479.730.469;12.567.675.293
18-7-2011;12.475.110.352;12.751.429.688;12.296.230.469;12.681.160.156;12.578.135.254
25-7-2011;12.679.719.727;12.679.950.195;12.083.450.195;12.143.240.234;12.411.479.981
1-8-2011;12.144.219.727;12.282.419.922;11.139.000.000;11.444.610.352;11.794.415.040
8-8-2011;11.433.929.688;11.434.089.844;10.604.070.313;11.269.019.531;11.351.474.610
15-8-2011;11.269.849.609;11.529.669.922;10.801.410.156;10.817.650.391;11.043.750.000
22-8-2011;10.820.370.117;11.406.389.648;10.820.370.117;11.284.540.039;11.052.455.078
29-8-2011;11.286.650.391;11.716.839.844;11.211.349.609;11.240.259.766;11.263.455.079
5-9-2011;11.237.309.570;11.477.299.805;10.932.530.273;10.992.129.883;11.114.719.727
12-9-2011;10.990.009.766;11.532.469.727;10.824.759.766;11.509.089.844;11.249.549.805
19-9-2011;11.506.820.313;11.550.219.727;10.597.139.648;10.771.480.469;11.139.150.391
26-9-2011;10.771.780.273;11.369.299.805;10.771.780.273;10.913.379.883;10.842.580.078
3-10-2011;10.912.099.609;11.232.049.805;10.404.490.234;11.103.120.117;11.007.609.863
10-10-2011;11.104.559.570;11.646.830.078;11.104.559.570;11.644.490.234;11.374.524.902
17-10-2011;11.643.349.609;11.812.459.961;11.296.120.117;11.808.790.039;11.726.069.824
24-10-2011;11.807.959.961;12.284.309.570;11.682.519.531;12.231.110.352;12.019.535.157
31-10-2011;12.229.219.727;12.229.290.039;11.630.030.273;11.983.240.234;12.106.229.981
7-11-2011;11.983.019.531;12.187.509.766;11.736.929.688;12.153.679.688;12.068.349.610
14-11-2011;12.153.000.000;12.170.559.570;11.676.349.609;11.796.160.156;11.974.580.078
21-11-2011;11.795.549.805;11.795.700.195;11.231.429.688;11.231.650.391;11.513.600.098
28-11-2011;11.232.469.727;12.146.679.688;11.232.160.156;12.019.419.922;11.625.944.825
5-12-2011;12.021.540.039;12.257.669.922;11.966.219.727;12.184.259.766;12.102.899.903
12-12-2011;12.181.080.078;12.181.379.883;11.786.469.727;11.866.389.648;12.023.734.863
19-12-2011;11.866.540.039;12.297.440.430;11.735.190.430;12.294.000.000;12.080.270.020
26-12-2011;12.293.469.727;12.328.469.727;12.140.169.922;12.217.559.570;12.255.514.649
2-1-2012;12.221.190.430;12.479.650.391;12.221.190.430;12.359.919.922;12.290.555.176
9-1-2012;12.359.309.570;12.514.690.430;12.311.790.039;12.422.059.570;12.390.684.570
16-1-2012;12.423.120.117;12.720.480.469;12.423.120.117;12.720.480.469;12.571.800.293
23-1-2012;12.720.250.000;12.841.950.195;12.580.120.117;12.660.459.961;12.690.354.981
30-1-2012;12.659.169.922;12.869.950.195;12.529.410.156;12.862.230.469;12.760.700.196
6-2-2012;12.860.719.727;12.924.709.961;12.743.559.570;12.801.230.469;12.830.975.098
13-2-2012;12.799.110.352;12.967.919.922;12.753.620.117;12.949.870.117;12.874.490.235
20-2-2012;12.949.339.844;13.013.820.313;12.882.669.922;12.982.950.195;12.966.145.020
27-2-2012;12.981.129.883;13.055.750.000;12.882.589.844;12.977.570.313;12.979.350.098
5-3-2012;12.977.339.844;12.977.339.844;12.734.860.352;12.922.019.531;12.949.679.688
12-3-2012;12.920.580.078;13.289.080.078;12.919.980.469;13.232.620.117;13.076.600.098
19-3-2012;13.231.940.430;13.269.709.961;13.002.769.531;13.080.730.469;13.156.335.450
26-3-2012;13.082.620.117;13.264.980.469;13.032.669.922;13.212.040.039;13.147.330.078
2-4-2012;13.211.360.352;13.297.110.352;13.012.459.961;13.060.139.648;13.135.750.000
9-4-2012;13.057.570.313;13.057.719.727;12.710.559.570;12.849.589.844;12.953.580.079
16-4-2012;12.850.879.883;13.131.360.352;12.850.799.805;13.029.259.766;12.940.069.825
23-4-2012;13.028.200.195;13.266.679.688;12.845.580.078;13.228.309.570;13.128.254.883
30-4-2012;13.228.309.570;13.338.660.156;13.022.339.844;13.038.269.531;13.133.289.551
7-5-2012;13.035.849.609;13.049.089.844;12.748.480.469;12.820.599.609;12.928.224.609
14-5-2012;12.818.490.234;12.818.860.352;12.336.759.766;12.369.379.883;12.593.935.059
21-5-2012;12.369.150.391;12.575.959.961;12.311.559.570;12.454.830.078;12.411.990.235
28-5-2012;12.454.830.078;12.611.610.352;12.107.480.469;12.118.570.313;12.286.700.196
4-6-2012;12.119.849.609;12.555.259.766;12.035.089.844;12.554.200.195;12.337.024.902
11-6-2012;12.553.809.570;12.774.700.195;12.398.480.469;12.767.169.922;12.660.489.746
18-6-2012;12.767.019.531;12.898.940.430;12.561.459.961;12.640.780.273;12.703.899.902
25-6-2012;12.639.799.805;12.880.389.648;12.450.169.922;12.880.089.844;12.759.944.825
2-7-2012;12.879.709.961;12.961.299.805;12.702.990.234;12.772.469.727;12.826.089.844
9-7-2012;12.772.019.531;12.830.290.039;12.492.250.000;12.777.089.844;12.774.554.688
16-7-2012;12.776.330.078;12.977.570.313;12.645.099.609;12.822.570.313;12.799.450.196
23-7-2012;12.820.450.195;13.117.740.234;12.521.839.844;13.075.660.156;12.948.055.176
30-7-2012;13.075.349.609;13.133.179.688;12.778.900.391;13.096.169.922;13.085.759.766
6-8-2012;13.099.879.883;13.215.969.727;13.094.959.961;13.207.950.195;13.153.915.039
13-8-2012;13.204.929.688;13.281.320.313;13.112.940.430;13.275.200.195;13.240.064.942
20-8-2012;13.274.580.078;13.330.759.766;13.027.200.195;13.157.969.727;13.216.274.903
27-8-2012;13.157.740.234;13.176.169.922;12.978.910.156;13.090.839.844;13.124.290.039
3-9-2012;13.092.150.391;13.320.269.531;12.977.089.844;13.306.639.648;13.199.395.020
10-9-2012;13.308.559.570;13.653.240.234;13.251.389.648;13.593.370.117;13.450.964.844
17-9-2012;13.588.570.313;13.647.099.609;13.503.000.000;13.579.469.727;13.584.020.020
24-9-2012;13.577.849.609;13.620.209.961;13.367.269.531;13.437.129.883;13.507.489.746
1-10-2012;13.437.660.156;13.661.870.117;13.424.919.922;13.610.150.391;13.523.905.274
8-10-2012;13.589.259.766;13.610.379.883;13.296.429.688;13.328.849.609;13.459.054.688
15-10-2012;13.329.540.039;13.588.730.469;13.312.219.727;13.343.509.766;13.336.524.903
22-10-2012;13.344.280.273;13.368.549.805;13.017.370.117;13.107.209.961;13.225.745.117
29-10-2012;13.107.440.430;13.289.450.195;13.052.070.313;13.093.160.156;13.100.300.293
5-11-2012;13.092.280.273;13.290.750.000;12.743.389.648;12.815.389.648;12.953.834.961
12-11-2012;12.815.929.688;12.898.250.000;12.471.490.234;12.588.309.570;12.702.119.629
19-11-2012;12.590.230.469;13.011.450.195;12.590.230.469;13.009.530.273;12.799.880.371
26-11-2012;13.008.450.195;13.062.559.570;12.765.320.313;13.025.580.078;13.017.015.137
3-12-2012;13.027.730.469;13.157.280.273;12.923.440.430;13.155.129.883;13.091.430.176
10-12-2012;13.154.889.648;13.329.440.430;13.118.459.961;13.135.009.766;13.144.949.707
17-12-2012;13.135.169.922;13.365.860.352;13.122.530.273;13.190.839.844;13.163.004.883
24-12-2012;13.190.150.391;13.190.379.883;12.926.860.352;12.938.110.352;13.064.130.372
31-12-2012;12.938.190.430;13.447.110.352;12.883.889.648;13.435.209.961;13.186.700.196
7-1-2013;13.436.129.883;13.496.679.688;13.293.129.883;13.488.429.688;13.462.279.786
14-1-2013;13.488.429.688;13.649.929.688;13.445.799.805;13.649.700.195;13.569.064.942
21-1-2013;13.649.700.195;13.895.980.469;13.622.959.961;13.895.980.469;13.772.840.332
28-1-2013;13.895.980.469;14.019.780.273;13.860.580.078;14.009.790.039;13.952.885.254
4-2-2013;14.009.790.039;14.022.620.117;13.852.200.195;13.992.969.727;14.001.379.883
11-2-2013;13.992.969.727;14.038.969.727;13.906.730.469;13.981.759.766;13.987.364.747
18-2-2013;13.981.759.766;14.058.269.531;13.834.400.391;14.000.570.313;13.991.165.040
25-2-2013;14.000.570.313;14.149.150.391;13.784.009.766;14.089.660.156;14.045.115.235
4-3-2013;14.089.660.156;14.413.169.922;14.030.370.117;14.397.070.313;14.243.365.235
11-3-2013;14.397.070.313;14.539.290.039;14.373.320.313;14.514.110.352;14.455.590.333
18-3-2013;14.514.110.352;14.546.820.313;14.382.089.844;14.512.030.273;14.513.070.313
25-3-2013;14.512.030.273;14.585.099.609;14.395.000.000;14.578.540.039;14.545.285.156
1-4-2013;14.578.540.039;14.684.490.234;14.434.429.688;14.565.250.000;14.571.895.020
8-4-2013;14.565.250.000;14.887.509.766;14.497.799.805;14.865.059.570;14.715.154.785
15-4-2013;14.865.059.570;14.865.059.570;14.444.030.273;14.547.509.766;14.706.284.668
22-4-2013;14.547.509.766;14.768.049.805;14.457.599.609;14.712.549.805;14.630.029.786
29-4-2013;14.712.549.805;15.009.589.844;14.687.049.805;14.973.959.961;14.843.254.883
6-5-2013;14.973.959.961;15.144.830.078;14.941.089.844;15.118.490.234;15.046.225.098
13-5-2013;15.113.419.922;15.357.400.391;15.053.459.961;15.354.400.391;15.233.910.157
20-5-2013;15.348.330.078;15.542.400.391;15.180.230.469;15.303.099.609;15.325.714.844
27-5-2013;15.307.330.078;15.521.490.234;15.115.570.313;15.115.570.313;15.211.450.196
3-6-2013;15.123.549.805;15.304.980.469;14.844.219.727;15.248.120.117;15.185.834.961
10-6-2013;15.247.809.570;15.300.639.648;14.953.450.195;15.070.179.688;15.158.994.629
17-6-2013;15.078.709.961;15.340.089.844;14.688.429.688;14.799.400.391;14.939.055.176
24-6-2013;14.795.790.039;15.075.009.766;14.551.269.531;14.909.599.609;14.852.694.824
1-7-2013;14.911.599.609;15.137.509.766;14.858.929.688;15.135.839.844;15.023.719.727
8-7-2013;15.137.219.727;15.498.389.648;15.137.219.727;15.464.299.805;15.300.759.766
15-7-2013;15.459.690.430;15.589.400.391;15.415.709.961;15.543.740.234;15.501.715.332
22-7-2013;15.543.969.727;15.604.219.727;15.405.160.156;15.558.830.078;15.551.399.903
29-7-2013;15.557.139.648;15.658.429.688;15.479.129.883;15.658.360.352;15.607.750.000
5-8-2013;15.651.980.469;15.655.209.961;15.346.650.391;15.425.509.766;15.538.745.118
12-8-2013;15.415.219.727;15.504.139.648;15.054.379.883;15.081.469.727;15.248.344.727
19-8-2013;15.076.790.039;15.106.389.648;14.880.839.844;15.010.509.766;15.043.649.903
26-8-2013;15.014.580.078;15.049.980.469;14.760.410.156;14.810.309.570;14.912.444.824
2-9-2013;14.801.549.805;15.009.839.844;14.777.480.469;14.922.500.000;14.862.024.903
9-9-2013;14.927.190.430;15.380.969.727;14.927.190.430;15.376.059.570;15.151.625.000
16-9-2013;15.381.360.352;15.709.580.078;15.381.360.352;15.451.089.844;15.416.225.098
23-9-2013;15.452.309.570;15.466.950.195;15.211.809.570;15.258.240.234;15.355.274.902
30-9-2013;15.249.820.313;15.249.820.313;14.947.030.273;15.072.580.078;15.161.200.196
7-10-2013;15.069.299.805;15.237.299.805;14.719.429.688;15.237.110.352;15.153.205.079
14-10-2013;15.231.330.078;15.412.969.727;15.136.379.883;15.399.650.391;15.315.490.235
21-10-2013;15.401.320.313;15.570.599.609;15.362.660.156;15.570.280.273;15.485.800.293
28-10-2013;15.569.190.430;15.721.000.000;15.533.480.469;15.615.549.805;15.592.370.118
4-11-2013;15.621.200.195;15.797.679.688;15.522.179.688;15.761.780.273;15.691.490.234
11-11-2013;15.759.280.273;15.962.980.469;15.672.000.000;15.961.700.195;15.860.490.234
18-11-2013;15.962.719.727;16.068.780.273;15.865.370.117;16.064.769.531;16.013.744.629
25-11-2013;16.072.089.844;16.174.509.766;16.055.459.961;16.086.410.156;16.079.250.000
2-12-2013;16.087.120.117;16.098.000.000;15.791.290.039;16.020.200.195;16.053.660.156
9-12-2013;16.019.490.234;16.058.400.391;15.703.790.039;15.755.360.352;15.887.425.293
16-12-2013;15.759.599.609;16.287.839.844;15.759.599.609;16.221.139.648;15.990.369.629
23-12-2013;16.225.250.000;16.529.009.766;16.225.250.000;16.478.410.156;16.351.830.078
30-12-2013;16.484.509.766;16.588.250.000;16.416.490.234;16.469.990.234;16.477.250.000
6-1-2014;16.474.039.063;16.562.320.313;16.378.610.352;16.437.050.781;16.455.544.922
13-1-2014;16.434.029.297;16.505.279.297;16.240.599.609;16.458.560.547;16.446.294.922
20-1-2014;16.459.269.531;16.520.599.609;15.879.110.352;15.879.110.352;16.169.189.942
27-1-2014;15.879.049.805;15.945.889.648;15.617.549.805;15.698.849.609;15.788.949.707
3-2-2014;15.697.690.430;15.798.509.766;15.340.690.430;15.794.080.078;15.745.885.254
10-2-2014;15.793.629.883;16.175.549.805;15.733.690.430;16.154.389.648;15.974.009.766
17-2-2014;16.153.969.727;16.225.719.727;16.006.589.844;16.103.299.805;16.128.634.766
24-2-2014;16.102.269.531;16.398.949.219;16.102.269.531;16.321.709.961;16.211.989.746
3-3-2014;16.321.709.961;16.505.699.219;16.071.250.000;16.452.720.703;16.387.215.332
10-3-2014;16.453.099.609;16.460.330.078;16.046.990.234;16.065.669.922;16.259.384.766
17-3-2014;16.066.370.117;16.456.449.219;16.066.370.117;16.302.769.531;16.184.569.824
24-3-2014;16.303.280.273;16.466.039.063;16.191.790.039;16.323.059.570;16.313.169.922
31-3-2014;16.324.219.727;16.631.630.859;16.324.219.727;16.412.710.938;16.368.465.333
7-4-2014;16.414.150.391;16.456.119.141;16.015.320.313;16.026.750.000;16.220.450.196
14-4-2014;16.028.290.039;16.460.490.234;16.028.290.039;16.408.539.063;16.218.414.551
21-4-2014;16.408.919.922;16.565.710.938;16.333.780.273;16.361.459.961;16.385.189.942
28-4-2014;16.363.200.195;16.620.060.547;16.312.660.156;16.512.890.625;16.438.045.410
5-5-2014;16.509.750.000;16.622.949.219;16.357.349.609;16.583.339.844;16.546.544.922
12-5-2014;16.584.820.313;16.735.509.766;16.397.460.938;16.491.310.547;16.538.065.430
19-5-2014;16.490.349.609;16.613.070.313;16.341.299.805;16.606.269.531;16.548.309.570
26-5-2014;16.607.419.922;16.721.220.703;16.607.419.922;16.717.169.922;16.662.294.922
2-6-2014;16.716.849.609;16.924.279.297;16.673.650.391;16.924.279.297;16.820.564.453
9-6-2014;16.926.080.078;16.970.169.922;16.703.730.469;16.775.740.234;16.850.910.156
16-6-2014;16.765.560.547;16.978.019.531;16.722.859.375;16.947.080.078;16.856.320.313
23-6-2014;16.946.500.000;16.969.699.219;16.746.089.844;16.851.839.844;16.899.169.922
30-6-2014;16.852.490.234;17.074.650.391;16.801.939.453;17.068.259.766;16.960.375.000
7-7-2014;17.063.830.078;17.063.830.078;16.805.380.859;16.943.810.547;17.003.820.313
14-7-2014;16.950.929.688;17.151.560.547;16.950.929.688;17.100.179.688;17.025.554.688
21-7-2014;17.095.109.375;17.133.429.688;16.915.650.391;16.960.570.313;17.027.839.844
28-7-2014;16.956.910.156;17.056.460.938;16.437.070.313;16.493.369.141;16.725.139.649
4-8-2014;16.493.720.703;16.596.220.703;16.333.780.273;16.553.929.688;16.523.825.196
11-8-2014;16.557.269.531;16.775.269.531;16.518.060.547;16.662.910.156;16.610.089.844
18-8-2014;16.664.449.219;17.074.589.844;16.664.449.219;17.001.220.703;16.832.834.961
25-8-2014;17.011.810.547;17.153.800.781;17.011.810.547;17.098.449.219;17.055.129.883
1-9-2014;17.097.419.922;17.161.550.781;17.009.070.313;17.137.359.375;17.117.389.649
8-9-2014;17.131.710.938;17.137.880.859;16.937.669.922;16.987.509.766;17.059.610.352
15-9-2014;16.988.759.766;17.350.640.625;16.951.380.859;17.279.740.234;17.134.250.000
22-9-2014;17.271.710.938;17.277.880.859;16.945.800.781;17.113.150.391;17.192.430.665
29-9-2014;17.107.689.453;17.145.099.609;16.674.039.063;17.009.689.453;17.058.689.453
6-10-2014;17.010.339.844;17.099.390.625;16.543.910.156;16.544.099.609;16.777.219.727
13-10-2014;16.535.429.688;16.602.410.156;15.855.120.117;16.380.410.156;16.457.919.922
20-10-2014;16.373.150.391;16.811.710.938;16.260.540.039;16.805.410.156;16.589.280.274
27-10-2014;16.796.099.609;17.395.539.063;16.729.830.078;17.390.519.531;17.093.309.570
3-11-2014;17.390.900.391;17.575.330.078;17.278.359.375;17.573.929.688;17.482.415.040
10-11-2014;17.568.980.469;17.705.480.469;17.536.169.922;17.634.740.234;17.601.860.352
17-11-2014;17.631.849.609;17.894.830.078;17.603.890.625;17.810.060.547;17.720.955.078
24-11-2014;17.812.630.859;17.893.419.922;17.790.890.625;17.828.240.234;17.820.435.547
1-12-2014;17.827.269.531;17.991.189.453;17.726.550.781;17.958.789.063;17.893.029.297
8-12-2014;17.954.939.453;17.960.560.547;17.280.830.078;17.280.830.078;17.617.884.766
15-12-2014;17.285.740.234;17.874.029.297;17.067.589.844;17.804.800.781;17.545.270.508
22-12-2014;17.812.250.000;18.103.449.219;17.812.250.000;18.053.710.938;17.932.980.469
29-12-2014;18.046.580.078;18.073.039.063;17.731.300.781;17.832.990.234;17.939.785.156
5-1-2015;17.821.300.781;17.916.039.063;17.262.369.141;17.737.369.141;17.779.334.961
12-1-2015;17.742.050.781;17.923.009.766;17.243.550.781;17.511.570.313;17.626.810.547
19-1-2015;17.516.960.938;17.840.890.625;17.346.730.469;17.672.599.609;17.594.780.274
26-1-2015;17.668.109.375;17.696.359.375;17.136.300.781;17.164.949.219;17.416.529.297
2-2-2015;17.169.990.234;17.951.089.844;17.037.759.766;17.824.289.063;17.497.139.649
9-2-2015;17.821.490.234;18.037.410.156;17.685.320.313;18.019.349.609;17.920.419.922
16-2-2015;18.019.800.781;18.144.289.063;17.878.369.141;18.140.439.453;18.080.120.117
23-2-2015;18.140.759.766;18.244.380.859;18.054.839.844;18.132.699.219;18.136.729.493
2-3-2015;18.134.050.781;18.288.630.859;17.825.150.391;17.856.779.297;17.995.415.039
9-3-2015;17.856.560.547;18.031.039.063;17.620.490.234;17.749.310.547;17.802.935.547
16-3-2015;17.751.240.234;18.197.289.063;17.697.519.531;18.127.650.391;17.939.445.313
23-3-2015;18.136.730.469;18.205.929.688;17.579.269.531;17.712.660.156;17.924.695.313
30-3-2015;17.727.480.469;18.008.640.625;17.585.009.766;17.763.240.234;17.745.360.352
6-4-2015;17.755.500.000;18.066.759.766;17.646.800.781;18.057.650.391;17.906.575.196
13-4-2015;18.052.320.313;18.169.259.766;17.748.529.297;17.826.300.781;17.939.310.547
20-4-2015;17.841.179.688;18.133.029.297;17.841.179.688;18.080.140.625;17.960.660.157
27-4-2015;18.097.890.625;18.175.560.547;17.774.890.625;18.024.060.547;18.060.975.586
4-5-2015;18.026.019.531;18.205.230.469;17.733.119.141;18.191.109.375;18.108.564.453
11-5-2015;18.187.779.297;18.272.720.703;17.924.800.781;18.272.560.547;18.230.169.922
18-5-2015;18.267.250.000;18.351.359.375;18.217.140.625;18.232.019.531;18.249.634.766
25-5-2015;18.229.750.000;18.229.750.000;17.967.740.234;18.010.679.688;18.120.214.844
1-6-2015;18.017.820.313;18.168.089.844;17.822.900.391;17.849.460.938;17.933.640.626
8-6-2015;17.849.460.938;18.109.769.531;17.714.970.703;17.898.839.844;17.874.150.391
15-6-2015;17.890.759.766;18.174.730.469;17.698.419.922;18.015.949.219;17.953.354.493
22-6-2015;18.027.630.859;18.188.810.547;17.890.359.375;17.946.679.688;17.987.155.274
29-6-2015;17.936.740.234;17.936.740.234;17.576.500.000;17.730.109.375;17.833.424.805
6-7-2015;17.728.080.078;17.797.490.234;17.465.679.688;17.760.410.156;17.744.245.117
13-7-2015;17.787.269.531;18.131.609.375;17.787.269.531;18.086.449.219;17.936.859.375
20-7-2015;18.085.910.156;18.137.119.141;17.553.730.469;17.568.529.297;17.827.219.727
27-7-2015;17.561.779.297;17.783.589.844;17.399.169.922;17.689.859.375;17.625.819.336
3-8-2015;17.696.740.234;17.704.759.766;17.279.080.078;17.373.380.859;17.535.060.547
10-8-2015;17.375.179.688;17.629.130.859;17.125.810.547;17.477.400.391;17.426.290.040
17-8-2015;17.472.660.156;17.568.400.391;16.459.550.781;16.459.750.000;16.966.205.078
24-8-2015;16.459.750.000;16.669.970.703;15.370.330.078;16.643.009.766;16.551.379.883
31-8-2015;16.632.019.531;16.632.019.531;15.979.950.195;16.102.379.883;16.367.199.707
7-9-2015;16.109.929.688;16.664.650.391;16.109.929.688;16.433.089.844;16.271.509.766
14-9-2015;16.450.859.375;16.933.429.688;16.330.870.117;16.384.580.078;16.417.719.727
21-9-2015;16.406.099.609;16.578.599.609;16.016.360.352;16.314.669.922;16.360.384.766
28-9-2015;16.313.259.766;16.472.769.531;15.942.370.117;16.472.369.141;16.392.814.454
5-10-2015;16.502.099.609;17.110.880.859;16.502.099.609;17.084.490.234;16.793.294.922
12-10-2015;17.082.289.063;17.220.019.531;16.887.669.922;17.215.970.703;17.149.129.883
19-10-2015;17.209.429.688;17.679.369.141;17.129.189.453;17.646.699.219;17.428.064.454
26-10-2015;17.649.570.313;17.799.960.938;17.540.570.313;17.663.539.063;17.656.554.688
2-11-2015;17.672.619.141;17.977.849.609;17.655.019.531;17.910.330.078;17.791.474.610
9-11-2015;17.900.779.297;17.900.779.297;17.238.890.625;17.245.240.234;17.573.009.766
16-11-2015;17.229.939.453;17.914.339.844;17.210.429.688;17.823.810.547;17.526.875.000
23-11-2015;17.823.609.375;17.868.179.688;17.683.509.766;17.813.390.625;17.818.500.000
30-11-2015;17.802.839.844;17.901.580.078;17.425.560.547;17.847.630.859;17.825.235.352
7-12-2015;17.845.490.234;17.845.490.234;17.230.500.000;17.265.210.938;17.555.350.586
14-12-2015;17.277.109.375;17.796.759.766;17.124.310.547;17.128.550.781;17.202.830.078
21-12-2015;17.154.939.453;17.607.919.922;17.116.730.469;17.552.169.922;17.353.554.688
28-12-2015;17.535.660.156;17.750.019.531;17.421.160.156;17.425.029.297;17.480.344.727
4-1-2016;17.405.480.469;17.405.480.469;16.314.570.313;16.346.450.195;16.875.965.332
11-1-2016;16.358.709.961;16.593.509.766;15.842.110.352;15.988.080.078;16.173.395.020
18-1-2016;16.009.450.195;16.171.959.961;15.450.559.570;16.093.509.766;16.051.479.981
25-1-2016;16.086.459.961;16.466.300.781;15.863.719.727;16.466.300.781;16.276.380.371
1-2-2016;16.453.630.859;16.510.980.469;15.960.450.195;16.204.969.727;16.329.300.293
8-2-2016;16.147.509.766;16.201.889.648;15.503.009.766;15.973.839.844;16.060.674.805
15-2-2016;16.012.389.648;16.511.839.844;16.012.389.648;16.391.990.234;16.202.189.941
22-2-2016;16.417.130.859;16.795.980.469;16.165.860.352;16.639.970.703;16.528.550.781
29-2-2016;16.634.150.391;17.062.380.859;16.510.400.391;17.006.769.531;16.820.459.961
7-3-2016;16.991.289.063;17.220.089.844;16.821.859.375;17.213.310.547;17.102.299.805
14-3-2016;17.207.490.234;17.620.580.078;17.120.349.609;17.602.300.781;17.404.895.508
21-3-2016;17.589.699.219;17.648.939.453;17.399.009.766;17.515.730.469;17.552.714.844
28-3-2016;17.526.080.078;17.811.480.469;17.434.269.531;17.792.750.000;17.659.415.039
4-4-2016;17.799.390.625;17.806.380.859;17.484.230.469;17.576.960.938;17.688.175.782
11-4-2016;17.586.480.469;17.962.140.625;17.553.570.313;17.897.460.938;17.741.970.704
18-4-2016;17.890.199.219;18.167.630.859;17.848.220.703;18.003.750.000;17.946.974.610
25-4-2016;17.990.939.453;18.084.660.156;17.651.980.469;17.773.640.625;17.882.290.039
2-5-2016;17.783.779.297;17.912.349.609;17.580.380.859;17.740.630.859;17.762.205.078
9-5-2016;17.743.849.609;17.934.609.375;17.512.480.469;17.535.320.313;17.639.584.961
16-5-2016;17.531.759.766;17.755.800.781;17.331.070.313;17.500.939.453;17.516.349.610
23-5-2016;17.507.039.063;17.891.710.938;17.480.050.781;17.873.220.703;17.690.129.883
30-5-2016;17.891.500.000;17.899.240.234;17.664.789.063;17.807.060.547;17.849.280.274
6-6-2016;17.825.689.453;18.016.000.000;17.812.339.844;17.865.339.844;17.845.514.649
13-6-2016;17.830.500.000;17.893.279.297;17.471.289.063;17.675.160.156;17.752.830.078
20-6-2016;17.736.869.141;18.011.070.313;17.356.339.844;17.400.750.000;17.568.809.571
27-6-2016;17.355.210.938;18.002.380.859;17.063.080.078;17.949.369.141;17.652.290.040
4-7-2016;17.904.449.219;18.166.769.531;17.713.449.219;18.146.740.234;18.025.594.727
11-7-2016;18.161.529.297;18.557.429.688;18.161.529.297;18.516.550.781;18.339.040.039
18-7-2016;18.521.550.781;18.622.009.766;18.469.669.922;18.570.849.609;18.546.200.195
25-7-2016;18.554.490.234;18.555.689.453;18.368.820.313;18.432.240.234;18.493.365.234
1-8-2016;18.434.500.000;18.543.529.297;18.247.789.063;18.543.529.297;18.489.014.649
8-8-2016;18.541.890.625;18.638.339.844;18.468.779.297;18.576.470.703;18.559.180.664
15-8-2016;18.588.589.844;18.722.609.375;18.468.679.688;18.552.570.313;18.570.580.079
22-8-2016;18.535.859.375;18.631.599.609;18.335.339.844;18.395.400.391;18.465.629.883
29-8-2016;18.421.289.063;18.544.759.766;18.295.480.469;18.491.960.938;18.456.625.001
5-9-2016;18.493.400.391;18.551.539.063;18.085.449.219;18.085.449.219;18.289.424.805
12-9-2016;18.028.949.219;18.358.689.453;17.992.210.938;18.123.800.781;18.076.375.000
19-9-2016;18.154.820.313;18.449.880.859;18.093.050.781;18.261.449.219;18.208.134.766
26-9-2016;18.217.759.766;18.369.619.141;18.052.160.156;18.308.150.391;18.262.955.079
3-10-2016;18.279.599.609;18.319.730.469;18.116.259.766;18.240.490.234;18.260.044.922
10-10-2016;18.282.949.219;18.399.960.938;17.959.949.219;18.138.380.859;18.210.665.039
17-10-2016;18.135.849.609;18.252.199.219;18.049.769.531;18.145.710.938;18.140.780.274
24-10-2016;18.197.140.625;18.275.039.063;18.062.300.781;18.161.189.453;18.179.165.039
31-10-2016;18.176.599.609;18.193.679.688;17.883.560.547;17.888.279.297;18.032.439.453
7-11-2016;17.994.640.625;18.873.660.156;17.994.640.625;18.847.660.156;18.421.150.391
14-11-2016;18.876.769.531;18.934.050.781;18.806.060.547;18.867.929.688;18.872.349.610
21-11-2016;18.898.679.688;19.152.140.625;18.883.099.609;19.152.140.625;19.025.410.157
28-11-2016;19.122.140.625;19.225.289.063;19.062.220.703;19.170.419.922;19.146.280.274
5-12-2016;19.244.349.609;19.757.740.234;19.184.740.234;19.756.849.609;19.500.599.609
12-12-2016;19.770.199.219;19.966.429.688;19.747.740.234;19.843.410.156;19.806.804.688
19-12-2016;19.836.660.156;19.987.630.859;19.832.949.219;19.933.810.547;19.885.235.352
26-12-2016;19.943.460.938;19.981.109.375;19.718.669.922;19.762.599.609;19.853.030.274
